{
  "nodes":{
    "0x20425a37370":{
      "type_":"PE4.Events.UpdateNode",
      "icon":null,
      "name":"Update",
      "color":[
        13,
        18,
        23,
        255
      ],
      "border_color":[
        74,
        84,
        85,
        255
      ],
      "text_color":[
        255,
        255,
        255,
        180
      ],
      "disabled":false,
      "selected":false,
      "visible":true,
      "dynamic_port":false,
      "width":170,
      "height":86.0,
      "pos":[
        324.29339413455466,
        266.99343351679505
      ]
    },
    "0x20425a3d490":{
      "type_":"Python.PrintNode",
      "icon":null,
      "name":"Print",
      "color":[
        13,
        18,
        23,
        255
      ],
      "border_color":[
        74,
        84,
        85,
        255
      ],
      "text_color":[
        255,
        255,
        255,
        180
      ],
      "disabled":false,
      "selected":false,
      "visible":true,
      "dynamic_port":false,
      "width":170,
      "height":86.0,
      "pos":[
        665.6548616446122,
        265.7742854185449
      ]
    },
    "0x20425a3d700":{
      "type_":"PE4.GameObject.GetComponentNode",
      "icon":null,
      "name":"GetComponent",
      "color":[
        13,
        18,
        23,
        255
      ],
      "border_color":[
        74,
        84,
        85,
        255
      ],
      "text_color":[
        255,
        255,
        255,
        180
      ],
      "disabled":false,
      "selected":false,
      "visible":true,
      "dynamic_port":false,
      "width":170,
      "height":108.0,
      "pos":[
        123.13395792327066,
        374.2784661628131
      ]
    },
    "0x20425a3da90":{
      "type_":"Python.LiteralNode",
      "icon":null,
      "name":"Literal",
      "color":[
        13,
        18,
        23,
        255
      ],
      "border_color":[
        74,
        84,
        85,
        255
      ],
      "text_color":[
        255,
        255,
        255,
        180
      ],
      "disabled":false,
      "selected":false,
      "visible":true,
      "dynamic_port":false,
      "width":182.33333333333334,
      "height":80,
      "pos":[
        -138.92073437330987,
        466.8626786019357
      ],
      "custom":{
        "Text":"TransformComponent"
      }
    },
    "0x20425a52df0":{
      "type_":"Python.AttributeNode",
      "icon":null,
      "name":"Attribute",
      "color":[
        13,
        18,
        23,
        255
      ],
      "border_color":[
        74,
        84,
        85,
        255
      ],
      "text_color":[
        255,
        255,
        255,
        180
      ],
      "disabled":false,
      "selected":false,
      "visible":true,
      "dynamic_port":false,
      "width":170,
      "height":86.0,
      "pos":[
        335.26572701880644,
        401.09972432431755
      ]
    },
    "0x20425a5a0a0":{
      "type_":"Python.IdentifierNode",
      "icon":null,
      "name":"Identifier",
      "color":[
        13,
        18,
        23,
        255
      ],
      "border_color":[
        74,
        84,
        85,
        255
      ],
      "text_color":[
        255,
        255,
        255,
        180
      ],
      "disabled":false,
      "selected":false,
      "visible":true,
      "dynamic_port":false,
      "width":182.33333333333334,
      "height":80,
      "pos":[
        101.18929215476712,
        507.1656088720855
      ],
      "custom":{
        "Name":"poisition"
      }
    },
    "0x20425a65e50":{
      "type_":"Python.AttributeNode",
      "icon":null,
      "name":"Attribute 1",
      "color":[
        13,
        18,
        23,
        255
      ],
      "border_color":[
        74,
        84,
        85,
        255
      ],
      "text_color":[
        255,
        255,
        255,
        180
      ],
      "disabled":false,
      "selected":false,
      "visible":true,
      "dynamic_port":false,
      "width":170,
      "height":86.0,
      "pos":[
        -148.65020129083285,
        335.7834496163485
      ]
    },
    "0x20425a6f340":{
      "type_":"Python.SelfNode",
      "icon":null,
      "name":"Self",
      "color":[
        13,
        18,
        23,
        255
      ],
      "border_color":[
        74,
        84,
        85,
        255
      ],
      "text_color":[
        255,
        255,
        255,
        180
      ],
      "disabled":false,
      "selected":false,
      "visible":true,
      "dynamic_port":false,
      "width":170,
      "height":80,
      "pos":[
        -415.7678218845123,
        288.24556798526976
      ]
    },
    "0x20425a6f580":{
      "type_":"Python.IdentifierNode",
      "icon":null,
      "name":"Identifier 1",
      "color":[
        13,
        18,
        23,
        255
      ],
      "border_color":[
        74,
        84,
        85,
        255
      ],
      "text_color":[
        255,
        255,
        255,
        180
      ],
      "disabled":false,
      "selected":false,
      "visible":true,
      "dynamic_port":false,
      "width":182.33333333333334,
      "height":80,
      "pos":[
        -427.8409346797067,
        390.1124571947238
      ],
      "custom":{
        "Name":"game_object"
      }
    }
  },
  "connections":[
    {
      "out":[
        "0x20425a37370",
        "Trigger"
      ],
      "in":[
        "0x20425a3d490",
        "Trigger"
      ]
    },
    {
      "in":[
        "0x20425a3d490",
        "Value"
      ],
      "out":[
        "0x20425a52df0",
        "Attribute"
      ]
    },
    {
      "in":[
        "0x20425a3d700",
        "GameObject"
      ],
      "out":[
        "0x20425a65e50",
        "Attribute"
      ]
    },
    {
      "in":[
        "0x20425a3d700",
        "Name"
      ],
      "out":[
        "0x20425a3da90",
        ""
      ]
    },
    {
      "out":[
        "0x20425a3d700",
        "Component"
      ],
      "in":[
        "0x20425a52df0",
        "Object"
      ]
    },
    {
      "in":[
        "0x20425a52df0",
        "Name"
      ],
      "out":[
        "0x20425a5a0a0",
        ""
      ]
    },
    {
      "in":[
        "0x20425a65e50",
        "Object"
      ],
      "out":[
        "0x20425a6f340",
        "Self"
      ]
    },
    {
      "in":[
        "0x20425a65e50",
        "Name"
      ],
      "out":[
        "0x20425a6f580",
        ""
      ]
    }
  ],
  "graph":{
    "node_space":null,
    "pipe_layout":1,
    "graph_rect":[
      -146.34953712327922,
      18.70810632596499,
      842.6183840302381,
      793.0525967343419
    ],
    "grid_mode":2
  }
}